{
  "dense_1": {
    "filename": "dense_1.png",
    "level": 0,
    "x": 10472,
    "y": 7432,
    "density": 0.5132179260253906,
    "variance": 89.23372527491208,
    "is_white": false,
    "has_stain": false
  },
  "dense_2": {
    "filename": "dense_2.png",
    "level": 1,
    "x": 2618,
    "y": 1536,
    "density": 0.5289421081542969,
    "variance": 82.66673046779152,
    "is_white": false,
    "has_stain": false
  },
  "dense_3": {
    "filename": "dense_3.png",
    "level": 1,
    "x": 23562,
    "y": 1536,
    "density": 0.6444740295410156,
    "variance": 74.85093334677136,
    "is_white": false,
    "has_stain": false
  },
  "dense_4": {
    "filename": "dense_4.png",
    "level": 2,
    "x": 1308,
    "y": 512,
    "density": 0.6097297668457031,
    "variance": 71.78091311388869,
    "is_white": false,
    "has_stain": false
  },
  "dense_5": {
    "filename": "dense_5.png",
    "level": 2,
    "x": 7194,
    "y": 512,
    "density": 0.4829902648925781,
    "variance": 71.33105365863271,
    "is_white": false,
    "has_stain": false
  },
  "sparse_1": {
    "filename": "sparse_1.png",
    "level": 2,
    "x": 5886,
    "y": 0,
    "density": 0.0650177001953125,
    "variance": 31.6286706167995,
    "is_white": false,
    "has_stain": false
  },
  "sparse_2": {
    "filename": "sparse_2.png",
    "level": 2,
    "x": 1962,
    "y": 0,
    "density": 0.06800460815429688,
    "variance": 33.32252058858486,
    "is_white": false,
    "has_stain": false
  },
  "sparse_3": {
    "filename": "sparse_3.png",
    "level": 3,
    "x": 0,
    "y": 0,
    "density": 0.08481979370117188,
    "variance": 33.80588427414257,
    "is_white": false,
    "has_stain": false
  },
  "sparse_4": {
    "filename": "sparse_4.png",
    "level": 2,
    "x": 2616,
    "y": 512,
    "density": 0.09289932250976562,
    "variance": 39.9981870117105,
    "is_white": false,
    "has_stain": false
  },
  "sparse_5": {
    "filename": "sparse_5.png",
    "level": 1,
    "x": 28798,
    "y": 1536,
    "density": 0.09949111938476562,
    "variance": 47.283898055021616,
    "is_white": false,
    "has_stain": false
  },
  "stained_1": {
    "filename": "stained_1.png",
    "level": 1,
    "x": 20944,
    "y": 512,
    "density": 0.010372161865234375,
    "variance": 17.09401379007008,
    "is_white": false,
    "has_stain": false
  },
  "stained_2": {
    "filename": "stained_2.png",
    "level": 0,
    "x": 31416,
    "y": 5574,
    "density": 0.012340545654296875,
    "variance": 14.755352786314974,
    "is_white": false,
    "has_stain": false
  },
  "stained_3": {
    "filename": "stained_3.png",
    "level": 2,
    "x": 0,
    "y": 0,
    "density": 0.01929473876953125,
    "variance": 19.061663197551283,
    "is_white": false,
    "has_stain": false
  },
  "stained_4": {
    "filename": "stained_4.png",
    "level": 0,
    "x": 94248,
    "y": 5574,
    "density": 0.02001190185546875,
    "variance": 23.435413562680544,
    "is_white": false,
    "has_stain": false
  },
  "stained_5": {
    "filename": "stained_5.png",
    "level": 2,
    "x": 5232,
    "y": 512,
    "density": 0.037929534912109375,
    "variance": 21.648647001212275,
    "is_white": false,
    "has_stain": false
  },
  "blank_1": {
    "filename": "blank_1.png",
    "level": 0,
    "x": 41888,
    "y": 0,
    "density": 0.0,
    "variance": 0.5072467982442329,
    "is_white": false,
    "has_stain": false
  },
  "blank_2": {
    "filename": "blank_2.png",
    "level": 0,
    "x": 62832,
    "y": 0,
    "density": 0.0,
    "variance": 0.4650488345460869,
    "is_white": false,
    "has_stain": false
  },
  "blank_3": {
    "filename": "blank_3.png",
    "level": 0,
    "x": 73304,
    "y": 0,
    "density": 0.0,
    "variance": 0.4916886703559094,
    "is_white": false,
    "has_stain": false
  },
  "blank_4": {
    "filename": "blank_4.png",
    "level": 0,
    "x": 83776,
    "y": 0,
    "density": 0.0,
    "variance": 0.39518516861954023,
    "is_white": false,
    "has_stain": false
  },
  "blank_5": {
    "filename": "blank_5.png",
    "level": 0,
    "x": 31416,
    "y": 1858,
    "density": 0.0,
    "variance": 0.4791735763284846,
    "is_white": false,
    "has_stain": false
  }
}